{"cameraMode":{"drawMode":0,"name":"Shaded","section":"Shading Mode"},"sceneLighting":false,"audioPlay":false,"sceneViewState":{"m_AlwaysRefresh":false,"showFog":true,"showSkybox":false,"showFlares":true,"showImageEffects":true,"showParticleSystems":true,"showVisualEffectGraphs":true,"m_FxEnabled":true},"in2DMode":false,"pivot":{"x":9.572461128234864,"y":-1.0710712671279908,"z":-3.883094072341919},"rotation":{"x":-0.19508977234363557,"y":0.03821980580687523,"z":-0.0076098088175058369,"w":-0.9800171256065369},"size":5.196268558502197,"orthographic":false}